{"cameraMode":{"drawMode":0,"name":"Shaded","section":"Shading Mode"},"sceneLighting":false,"audioPlay":false,"sceneViewState":{"m_AlwaysRefresh":false,"showFog":true,"showSkybox":false,"showFlares":true,"showImageEffects":true,"showParticleSystems":true,"showVisualEffectGraphs":true,"m_FxEnabled":true},"in2DMode":false,"pivot":{"x":-0.0899670273065567,"y":4.296461582183838,"z":6.394732475280762},"rotation":{"x":-0.0023200013674795629,"y":-0.9766298532485962,"z":0.2146020233631134,"w":-0.010552146472036839},"size":0.45273858308792117,"orthographic":false}