{"cameraMode":{"drawMode":0,"name":"Shaded","section":"Shading Mode"},"sceneLighting":false,"audioPlay":false,"sceneViewState":{"m_AlwaysRefresh":false,"showFog":true,"showSkybox":false,"showFlares":true,"showImageEffects":true,"showParticleSystems":true,"showVisualEffectGraphs":true,"m_FxEnabled":true},"in2DMode":false,"pivot":{"x":0.11355096846818924,"y":0.6016052961349487,"z":0.5913391709327698},"rotation":{"x":-0.0021886415779590608,"y":0.9843010902404785,"z":-0.17453423142433167,"w":-0.008157412521541119},"size":2.398698329925537,"orthographic":false}